Files to be moved to tools/ directory:

1. rename_transcripts.sh -> tools/rename_transcripts.sh
2. deploy.php -> tools/deploy.php
3. phpinsights.php -> tools/phpinsights.php
4. phpstan.neon -> tools/phpstan.neon
5. pint.json -> tools/pint.json
6. rector.php -> tools/rector.php
7. rector-type-safety.php -> tools/rector-type-safety.php
8. .pre-commit-config.yaml -> tools/pre-commit-config.yaml
9. pest.config.php -> tools/pest.config.php
10. .git-hooks/ -> tools/git-hooks/
